avilottransfer,1
question,correct,answer_0,answer_1,answer_2
"""B"" stall provedu",2,postupným stažením zadních popruhů,postupným stažením předních popruhů,postupným stažením popruhů druhé řady
045 stupňů je vedlejší světová strana:,1,severozápad,severovýchod,jihozápad
10 cm na mapě 1 : 200 000 odpovídá ve skutečnosti:,0,20 km,50 km,200 km
225 stupňů je vedlejší světová strana:,1,severozápad,jihozápad,jihovýchod
9 cm na mapě 1 : 500 000 odpovídá ve skutečnosti:,1,60 km,45 km,50 km
"Cizí těleso (např. kamínky, střep apod.) z rány:",0,"vyjmeme, pokud je to možné bez nepřiměřeného násilí (např. výplachem rány vodou, mírným tahem apod.)","vyjmeme za každou cenu, tj. i za cenu poškození okolní tkáně, a ránu následně důkladně propláchneme desinfekcí.","zásadně nevyjímáme - ponecháme nečistoty v ráně, kterou obvážeme a obvaz necháme nasáknout dostupnou dezinfekcí"
Co rozumíme v meteorologii pojmem bouřka:,1,jev totožný s pojmem „studená fronta“,přírodní jev doprovázený intenzivními srážkami a elektrickými výboji,nejvýraznější projev konvekce ve volné atmosféře
"Co znamená populární termín ""negativní zatáčka""",1,symetrické přetažení,asymetrické (jednostranné) přetažení PK,spirála
Co znamená zkratka CTR?,0,řízený okrsek letiště,koncová řízená oblast,"prostor, kde není možné provádět lety VFR"
Co znamená zkratka SLZ,2,společná letová zóna,stálé letové zabezpečení,sportovní létající zařízení
"Coriolisova síla, která působí i na vítr je:",0,"setrvačná síla, způsobující uchylování směru pohybu těles, tedy i proudu vzduchu",síla tření,odstředivá síla
Definice dohlednosti zní:,2,schopnost vidět a rozeznávat význačné neosvětlené předměty ve dne a světla v noci z kabiny letadla za letu,dohlednost dopředu z kabiny letadla za letu daná meteorologickými podmínkami a vyjádřená v jednotkách délkové míry,schopnost vidět a rozeznávat význačné neosvětlené předměty ve dne a světla v noci určená atmosférickými podmínkami a vyjádřená jednotkami vzdálenosti
Do předstartovní kontroly patří,1,"kontrola PK ,upnutí, počasí, prostoru ve směru letu a místa přistání","kontrola postroje, šňůr, vrchlíku, počasí, prostoru","kontrola opotřebení PK a postroje,všech švů, kontrola karabin, přilby a přístrojů"
Do zakázaného prostoru (LK P) pilot:,0,nesmí vletět pokud příslušný úřad nevydá zvláštní povolení,může vletět v rámci prostoru třídy G a E avšak nejvýše rychlostí 460 km/hod IAS,"může vletět, nesmí jej však opustit"
Doba platnosti lékařského posudku o zdravotní způsobilosti je pro piloty,2,36 měsíců u osob od 30 do 60 let,24 měsíců u osob od 35 do 60 let,12 měsíců u osob od 75 let
Doba východu a západu slunce se mění:,1,intensitou slunečního záření,s roční dobou,působením magnetického pole zeměkoule
Doklady potřebné pro let SLZ musí mít pilot u sebe:,1,jen při přeletu,při každém letu,jen při mimoletištním letu
Dříve než v Praze vychází slunce:,0,v Moskvě,v Londýně,v Paříži
Hlavní příčinou atmosférické konvekce je:,2,nestejnoměrné zahřívání různě barevného zemského povrchu,rozdílná teplota vzduchu ve dne a v noci,dostatečný ohřev vzduchu o zemský povrch při instabilním zvrstvení
Hlavní příčinou odtržení proudu je vždy:,1,snížení rychlosti letu pod hodnotu minimální dopředné rychlosti vůči zemi v ustáleném přímočarém letu,překročení kritického úhlu náběhu,počátek přechodu laminárního proudění na povrchu PK v turbulentní
Horizontální rychlost se udává:,2,ve stopách,v uzlech,"v km/hod, v MPH, v uzlech (kts)"
Hranice mezi troposférou a stratosférou se nazývá:,1,atmosféra,tropopauza,ionosféra
Hustota vzduchu v zemské atmosféře s výškou:,0,klesá,se nemění,vzrůstá
Hustota vzduchu:,2,snižuje se s klesající teplotou,roste s rostoucí teplotou,roste s klesající teplotou vzduchu
Indukovaný odpor lze zmenšit:,1,tloušťkou profilu a koncovými tělěsy na koncích křídla,štíhlostí křídla a vhodným zakončením křídla,šípem křídla a tloušťkou profilu
Indukovaný odpor:,2,vzniká jako důsledek indukce  u zadní části profilu,vzniká jako důsledek vzájemného ovlivnění obtékání různých částí,vzniká jako důsledek přefukování vzduchu na koncích křídla ze spodní strany na horní
"Informace o poloze CTR, TMA, LKR, LKP je možno získat",2,v oficiální navigační mapě ÚCL,v mapě ADAC,v AIP ČR nebo platné letecké mapě
"Instabilním zvrstvením při nenasyceném vzduchu nazýváme zvrstvení, kdy:",2,"nenasycená částice se zastaví v hladině, ve které přestala vnější síla působit",nenasycená částice se po ukončení působení vnější síly vrací do své původní polohy,nenasycená vzduchová částice při svém výstupu z rovnovážné polohy dále stoupá i když přestane působit vnější síla
"Isobary jsou čáry na přízemních meteorologických mapách, které spojují místa:",1,se stejnou vlhkostí,se stejným tlakem přepočteným na hladinu moře,se stejnou teplotou přepočtenou na hladinu moře
Izolované bouřky místní povahy jsou většinou:,0,Bouřky z tepla,Frontálním zdvihem (teplá fronta),Frontálním zdvihem (studená fronta)
Jak se pohybují vzduchové hmoty na teplé frontě?,2,Studený vzduch se nasunuje nad hmoty teplého vzduchu,Teplý vzduch se nasunuje pod hmoty studeného vzduchu,Teplý vzduch se nasunuje nad hmoty studeného vzduchu
"Jak se změní rychlost proudění a statický tlak v něm, když v nějakém místě dojde ke zhuštění proudnic?",1,"rychlost se zvýší, statický tlak se zvýší","rychlost se zvýší, statický tlak klesne","rychlost klesne, statický tlak klesne"
Jaké jsou kromě sil způsobující výstup vzduchu další dvě podmínky nutné pro vytvoření bouřky?,1,Nestabilní podmínky a nízký tlak vzduchu,Nestabilní podmínky a vysoký obsah vlhkosti,Stabilní podmínky a vysoký tlak vzduchu
"Jaké vlastnosti bude mít přízemní vítr v oblasti, kde jsou na přízemní meteorologické mapě izobary blízko u sebe?",2,Slabý ve směru izobar,Silný kolmo na izobary,Silný zhruba podél izobar
Jaký je minimální věk pro zahájení teoretického a praktického výcviku uživatele PK,2,od 14 let pouze se souhlasem jeho zákonných zástupců,od 16 let pouze se souhlasem jeho zákonných zástupců,od 15 let pouze se souhlasem jeho zákonných zástupců
Jaký typ srážek lze očekávat na aktivní studené frontě?,0,Přeháňky a bouřky,Mrholení,Mírný trvalý déšť
Jev nazývaný turbulence je definován jako:,1,"síly, které zvyšují rychlost letícího letadla",síly působící na letadlo v různých směrech a udělující tomuto letadlu různá přídavná zrychlení,"síly, které působí na letadlo ve vertikálním směru"
K pádu letadla dochází když:,1,pilot vykrouží příliš ostrou zatáčku,se letadlo dostane za kritický úhel náběhu,"je letová hmotnost letadla větší, než je max. povolená"
Kde začíná na profilu odtrhávání proudu?,1,v mezní vrstvě na sací straně profilu u náběžné hrany,v mezní vrstvě na sací straně profilu od odtokové hrany,v úplavu na sací straně profilu u náběžné hrany
Kdo je oprávněn kontrolovat pilotní průkaz nebo doklad žáka,2,"inspektor provozu LAA ČR, příslušník Policie ČR, inspektor ÚCL, osoba pověřená provozovatelem letiště nebo majitelem pozemku","inspektor provozu LAA ČR, osoba pověřená MD ČR, příslušník Policie ČR, nebo pracovník městského úřadu obce, na jehož pozemcích je letiště, nebo plocha SLZ","inspektor provozu a techniky LAA ČR, osoba pověřená MD ČR nebo ÚCL, příslušník Policie ČR"
Kdo může provádět výcvik na PK,0,"instruktor PK, instruktor PK ve výcviku","pilot B, instruktor PK","pilot C, instruktor PK a instruktor PK ve výcviku"
Kdy je ve střední Evropě největší pravděpodobnost výskytu bouřek z tepla?,0,"Poledne, odpoledne",Pozdě ráno,Okolo půlnoci
Když za letu vypadne záložní padák a naplní se:,1,snažím se stahováním šňůr zrušit záložní padák a přitáhnout ho k sobě,"mám-li dostatečnou výšku, snažím se stáhnout vrchlík za zadní popruhy k sobě, aby byl co nejméně funkční","nedělám nic, už nic dělat stějně nelze"
Klouzavost vůči zemi se:,1,změní při změně hmotnosti,"změní, fouká-li vítr","fouká-li vítr nezmění, protože efektivní nosná plocha zůstává stejná"
Konvekční aktivita ve středních zeměpisných šířkách je největší:,2,v zimě v poledne,v poledne,v létě odpoledne
Která vlastnost je typická pro troposféru:,0,pokles teploty s výškou,nárůst tlaku s výškou,isotermie
Která z dále uvedených podmínek je nejdůležitější pro srovnávací navigaci?,2,zkušenost pilota a jeho odhad,dobrá mapa a orientační schopnosti pilota,"navigační příprava před letem, mapa, viditelnost země"
Které druhy oblaků jsou typické pro oblačný systém teplé fronty:,1,"Cu – cumulus, Ac – altocumulus, Cb – cumulonimbus","Ns – nimbostratus, As – altostratus, Cs – cirostratus","Sc – stratocumulus, Ac – altocumulus, Cc – cirocumulus"
Které složky tvoří výslednou aerodynamickou sílu?,0,vztlak a odpor,součinitel vztlaku a tíhy,vztlak a tíha
Které z následujících typů oblačnosti jsou známkou instabilní (nestabilní) vzduchové hmoty?,0,"Cu, Cb","Sc, Ns","St, Cs"
Který z jevů vznikající na studené frontě II. druhu je zvláště nebezpečný pro nízko letící letadla?,0,"silná turbulence omezená na úzký prostor víru – húlavy, s osou přibližně v úrovni základny Cb - cumulonimbus","snížení základny oblačnosti, někdy až k zemi",silný pokles tlaku a teploty
"Který z následujících druhů oblačnosti se může rozprostírat ve více vrstvách? (podle dělení oblačnosti vzhledem k výšce, kde se vyskytuje)",2,Altocumulus,Cirrus,Nimbostratus
Který z následujících zásahů pilota zvýší úhel náběhu PK?,1,vypuštění řízení,stažení řízení,sešlápnutí speed systému
Který z následujícíh procesů ve vrstvě vzduchu může vést k tvorbě oblačnosti typu kumulus a kumulonimbus?,1,Frontální zvedání stabilních vrstech vzduchu,Konvekce,Subsidence
Který z oblaků tvořící se na čele studené fronty je pro letový provoz nejnebezpečnější:,0,Cb – cumulonimbus,As – altostratus,Ns – nimbostratus
Kurz měříme od severu ve stupních:,2,"na východ po směru, na západ proti směru hodinových ručiček",proti směru otáčení hodinových ručiček,ve směru otáčení hodinových ručiček
Kurz zeměpisný měříme:,1,od nultého poledníku,od severu zeměpisného místního poledníku,od směrníku
Letadlo letí za velmi teplého dne přes Alpy. Počasí je dobré a v dané oblasti je tlaková výše. Letadlo prolétává kolem hory ve výšce jejího vrcholku. Co ukazuje výškoměr v porovnání s nadmořskou výškou vrcholku?,1,Stejnou výšku jako je nadmořksá výška vrcholku,Menší výšku než je nadmořská výška vrcholku,Větší výšku než je nadmořská výška vrcholku
Letadlo letící kursem 265 za větru 085 bude:,1,mít vítr zprava zezadu,mít vítr v zádech,mít vítr proti směru letu
Letadlo mající přednost musí udržovat svůj kurs a rychlost:,1,tyto podmínky nesmí měnit,"toto pravidlo však nezbavuje velitele letadla odpovědnosti provést takové opatření, které nejlépe zabrání srážce","nesmí měnit kurz, rychlost však ano"
"Letadlo nesmí letět v takové vzdálenosti od jiného letadla, která by:",0,vytvářela nebezpečí srážky,byla menší než 150m,mohla omezit jiné letadlo
"Letadlo za letu nebo pohybující se na zemi musí dát přednost letadlu, které:",1,dostalo povolení pro přiblížení na přistání,přistává nebo je v poslední fázi přiblížení na přistání,nemá spojení se službou řízeného letového provozu
"Letadlo, které je podle pravidel povinno dát přednost jinému letadlu se musí:",0,"vyhnout tím, že nadletí, podletí nebo křižuje jeho trať v dostatečné vzdálenosti","vyhnout tak, aby byla mezi letadly dodržena vodorovná vzdálenost 300 m","vyhnout tak, aby byla mezi letadly dodržena vertikální vzdálenost 150 m"
"Letecké navigaci vyhovují nejlépe mapy, které:",2,mají přesné úhly,jsou v měřítku 1 : 500 000,věrně zobrazují topografickou situaci a úhly
Letištní provoz je:,1,provoz vozidel a osob na provozní ploše letiště,veškerý provoz na provozní ploše letiště a všechna letadla letící v blízkosti letiště,všechna letadla za letu nebo pohybující se na provozní ploše
Letištní provozní zóna (ATZ) má tyto rozměry:,1,"kruh o průměru 3NM (5,5 km) do nadmořské výšky 4000ft (1200 m)","kruh o poloměru 3 NM (5,5 km), vertikálně od země do  nadmořské výšky 4000ft (1200 m)","kružnice 5,5 NM (10 km) do nadmořské výšky 4 000 ft (1200 m)"
Letištní provozní zóna - ATZ je:,1,vymezený vzdušný protstor se stálou informační službou,"vymezený vzdušný prostor, který slouží k ochraně letištního provozu",vymezený vzdušný prostor se službou řízení letového provozu
"Lety VFR ve třídách vzdušného prostoru C, D a E se smějí provádět ve vzdálenosti od oblaků:",0,nejméně 1500 m horizontálně a 300 m vertikálně,"do oblaku smí vletět pouze pilot, který první dosáhne základny",vně oblaků a za viditelnosti země
"Lety VFR ve vzdušném prostoru třídy G se musí provádět tak, aby letadlo letělo:",2,"při stejné nebo větší vzdálenosti od oblaku než - horizontálně 1,5 km, vertikálně 300 m","při stejné nebo větší vzdálenosti od oblaku než - horizontálně 5 km, vertikálně 300 m",vně oblaků za stálé dohlednosti země
Letí-li dvě SLZ na protínajících se tratích ve volném prostoru má přednost SLZ letící,2,které letí proti slunci,leva,zprava
"Letí-li dvě letadla na vstřícných tratích nebo přibližně takových, každé z nich se vyhne změnou kurzu:",0,vpravo,vlevo,"učiní taková opatření, která nejlépe zabrání srážce"
"Létat nad shromážděním osob v takové výšce, která by nedovolila v případě vzniklého nebezpečí přistát bez ohrožení pilota či osob na zemi je:",1,povoleno,zakázáno,možné pouze na veřejném leteckém vystoupení s vydaným platným oprávněním
Malá kružnice je:,2,"poledník, který prochází rovníkem na opačné straně",jakákoliv kružnice na povrchu země neprocházející průsečíkem nultého poledníku a rovníku,"kružnice, jejíž rovina neprochází středem zeměkoule"
"Maximální doba, na kterou může být prodloužen Technický průkaz PK je",0,2 roky,1 rok,6 měsíců
Mezi oblačnost kupovitou patří:,1,St - stratus,Cu - cumulus,As - altostratus
Mezi oblačnost s mohutným vertikálním vývojem řadíme:,1,Cc – cirocumulus,Cb – cumulonimbus,Ac – altocumulus
Mezi tzv. únikové manévry patří,2,"spirála, full-stall a b-stall","spirála, negativní zatáčka a b-stall","spirála, zaklopení stabilizátorů (uši) a b-stall"
Minimální letová dohlednost ve vzdušném prostoru třídy E je:,0,5 km,8 km,"1,5 km"
Minimální rychlost letu v ustálené zatáčce:,1,"je tím menší, čím je zatáčka ostřejší","je tím vyšší, čím je větší náklon",je dána letovou příručkou a platí pro všechny režimy letu
Musí být na palubě letadla při všech letech doklad o pojištění zákonné odpovědnosti?,2,ne při letištním letu,ne,ano
Na PK se smí létat,2,"za podmínek VFR ve dne, přičemž se za den považuje doba od západu do východu slunce.",od západu do východu slunce,"pouze ve dne, tj. v době mezi začátkem občanského svítání a koncem občanského soumraku nebo v jiném podobném časovém úseku, který může určit příslušný úřad"
Na které části vrchlíku PK působí největší vztlak při pohledu zepředu?,0,uprostřed vrchlíku,na koncích vrchlíku,rozložení vztlaku je rovnoměrné
Na severní polokouli výška troposféry v závislosti na zeměpisné šířce:,0,klesá od jihu k severu,stoupá od jihu k severu,zůstává stejná po celý rok
Na spodní straně křídla za letu působí:,0,přetlak,podtlak,žádný tlak
Na vstřícné trati letí letadla stejné kategorie. Opatření k vyhnutí provede:,0,obě letadla změnou kurzu vpravo,"vy změnou kurzu vpravo, druhé letadlo vlevo",změnou kurzu vlevo
Nebezpečné jevy spojené s bouřkou:,0,"silné výstupné proudy s maximem v horní polovině Cb – cumulonimbu, silná turbulence, sestupné proudy s maximem blízko základny, silná námraza, elektrické vlastnosti Cb - cumulonimbu","hustota oblaku, který je složen z kapalné i pevné fáze vody",výstupné proudy a růst Cb - cumulonimbus oblaku
"Nebezpečný prostor (LK D) je vymezený vzdušný prostor, ve kterém je ve vyhlášené době letecká činnost:",1,omezená,nebezpečná,zakázaná
"Nefunkčnost krevního oběhu („zástavu srdce“) v praxi rozpoznáme tak, že:",2,necítíme údery srdečního hrotu v oblasti hrudníku,nemůžeme nahmatat tep na krční tepně,"postižený nereaguje na podněty, dýchá lapavě nebo vůbec a nehýbe se"
"Nejpodstatnější výkony první pomoci, které můžeme provést v případě vážného úrazu, jsou:",2,šetrný transport k místu odborné pomoci,fixace zlomenin a ošetření ran a oděrek,"zastavení silného krvácení, uvolnění dýchacích cest a boj proti ztrátám tepla"
Nejspodnější vrstvu atmosféry nazýváme:,2,mezosféra,stratosféra,troposféra
Nejúčinnější protišoková opatření (po zabezpečení základních životních funkcí) jsou v laické první pomoci:,2,"imobilizace zlomenin, ošetření ran, a oděrek","zahřátí, podání co největšího množství slazených tekutin, poloha na boku","pohodlná poloha, zajištění tepelného komfortu, uklidnění"
Nejčastější směr větru v údolí způsobený termickými efekty je směrem:,1,Během dne z kopce,Během dne ke kopci,Během noci z kopce
Nevyšel vám rozpočet na přistání a musíte jej zkrátit. Jste ve výšce 30 m nad zemí,1,ve výšce do 30 m nad zemí je řešením udělat zatáčku o 360°,"létáním osmiček (esíček) tj.mírným kličkováním utrácíte výšku, abyste doklouzali přesně na přistání",sklopením konců křídel za pomoci potřebného počtu šňůr zmenšíte nosnou plochu a tak dokloužete pod příznivým úhlem až na zem
Nultý poledník je:,2,"poledník neprocházející hvězdárnou v Greenwich, ovšem pouze na malé kružnici","poledník, na kterém se zeměpisná šířka i délka rovnají 0","poledník, zvaný též základní, procházející hvězdárnou v Greenwich v Anglii"
Nízkou oblačnost může tvořit:,1,Ci – cirrus,St – stratus,Ac – altocumulus
"O stabilní vzduchové hmotě mluvíme tehdy, platí-li:",1,jsou v ní příznivé podmínky pro vznik výstupných pohybů,jsou v ní nepříznivé podmínky pro vznik výstupných proudů,dochází v ní ke vzniku konvekce
Oblačnost se v troposféře tvoří z:,1,dusíku,vodní páry,kyslíku
Odpovědnost pilota (velitele) letadla:,2,velitel letadla nemá právo s konečnou platností rozhodnout o provedení letu,"velitel letadla neodpovídá za provedení letu v případě, když obdržel povolení ke vzletu od služeb řízení letového provozu","velitel letadla odpovídá za provedení letu podle pravidel létání, ať letadlo sám řídí či nikoliv, vyjma případů, když si okolnosti vynutí odchylku od těchto pravidel v zájmu bezpečnosti"
Odtržením proudnic rozumíme:,1,skokový přechod od turbulentního proudění nad horní plochou křídla k absolutní laminaritě,proud vzduchu přestane sledovat tvar profilu,"proudnice opustí profil, po tom co opíšou jeho tvar"
"Omezený prostor (LK R) je prostor, který pilot:",2,musí proletět,nesmí proletět,může proletět za splnění stanovených podmínek
"Osa zemská je myšlená přímka středem země kolmá na rovník. Místa, kde protíná povrch země se nazývají póly (točny). Jsou to póly:",1,magnetické,zeměpisné,totožné
Ověřovat zda je technický průkaz SLZ platný je povinností:,2,vedoucího letového provozu,provozovatele,velitele SLZ (pilota)
Ošetření ran a fixace zlomenin se u postiženého s úrazem v rámci první pomoci provádí:,1,vždy prioritně u jakékoliv rány a u jakékoliv zlomeniny,"jen tehdy, pokud není postižený ohrožený poruchou základních životních funkcí","vždy, pokud jde o zející (hluboké) rány a/nebo otevřenou zlomenu"
"Paraglidista v negativce dopadl opodál. Při našem příchodu leží na zádech v bezvědomí, nedýchá, je promodralý. Žádné zřetelně patrné zranění není zřejmé. Zavoláme záchrannou službu a dále jako první:",1,uložíme postiženého do protišokové polohy s podloženou hlavou,záklonem hlavy uvolníme dýchací cesty,uložíme postiženého do stabilizované polohy
"Pilot během svahování po zaklapnutí asi 10 m nad zemí dopadl tvrdě na levý bok, zjevně otřesen, nicméně vstává, vzápětí kolabuje, je bledý, udává bolest naraženého boku, třese se, chce se mu spát, je trochu zmatený, ale nabízené přivolání záchranky striktně odmítá. Postup bude:",1,"Uložíme jej do stínu, do polosedu, během létání jej občas kontrolujeme. Pokud by se stav horšil, přivoláme pomoc.","Snažíme se jej uklidnit, ponecháme jej v poloze, jaká mu nejlépe vyhovuje, přikryjeme jej, přivoláme záchrannou službu.","Uložíme jej do protišokové polohy s nohama nahoru, přikryjeme a přivoláme záchrannou službu."
"Pilot letadla nevybaveného radiostanicí, který má v úmyslu přiletět na neřízené letiště nebo z něho odletět, je  povinen",0,předem zkoordinovat svůj přílet nebo odlet se stanovištěm AFIS nebo provozovatelem letiště,dodržet pro odlet nebo přílet pravidla vyhýbání,předem zkoordinovat svůj přílet nebo odlet s majitelem letiště
Pilot musí mít za letu u sebe vždy,2,"pilotní průkaz nebo doklad žáka, osvědčení letové způsobilosti, doklad o pojištění za škody způsobené provozem SLZ, lékařský posudek o zdravotní způsobilosti","průkaz totožnosti, pilotní průkaz nebo doklad žáka, osvědčení letové způsobilosti, doklad o pojištění za škody způsobené provozem SLZ, lékařský posudek o zdravotní způsobilosti","průkaz totožnosti, pilotní průkaz nebo doklad žáka, technický průkaz SLZ, doklad o pojištění za škody způsobené provozem SLZ"
Platný pilotní průkaz musí mít pilot u sebe:,1,při přeletu,při každém letu,při mimoletištním letu
Po jaké době od získání licence Pilot může být pilotovi vystavena licence Sportovní Pilot?,2,po 5 měsících,po 9 měsících,po 6ti měsících
Po průletu převodní výškou se pro udávání výšky přejde z nastavení hodnoty QNH:,2,na nastavení údaje QFE a vertikální polohy letadla se vyjadřují jako výšky nad zemí,na nastavení údaje QFE cílového letiště a vertikální polohy letadla se vyjadřují jako výšky nad cílovým letištěm,"na nastavení výškoměru na hodnotu 1013,2 hPa a vertikální polohy letadla se vyjadřují v letových hladinách"
"Pokud je k dispozici, má pilot mobilní telefon při letu:",2,"za letu se netelefonuje, takže je jedno, kam ho dáte",v úložné zadní kapse sedačky,na snadno dostupném místě z pozice za letu
"Pokud je zřejmé, že bude nutný zásah záchranářského vrtulníku, voláme v ČR přednostně číslo:",0,155,1210,112
Pokud jedna vrstva tlakového obvazu nestačí k zastavení krvácení z rány na noze:,2,"urgujeme příjezd záchranné služby, přičemž opakovaně zdůrazníme naléhavost stavu","původní obvaz odstraníme a přiložíme nový, který lépe utáhneme","přiložíme další 1-2 vrstvy, případně použijeme zaškrcení"
Pokud pacient po úrazu v bezvědomí nedýchá:,1,urychleně jej transportujme k odborné pomoci,pokusíme se především uvolnit dýchací cesty,okamžitě zahájíme resuscitaci
"Pokud pilot PK nebo MPK před sebou zjistí bouřkový oblak s húlavou, pro další bezpečný let provede:",1,oblast bouřkového oblaku podletí,neprodleně přistane na nejbližší vhodné ploše,změní trať letu a pokusí se vyhnout bouřce v bezpečné vzdálenosti
"Pokud použijeme škrtidlo, ale rána stále krvácí:",2,přiložíme přes škrtidlo tlakový obvaz,škrtidlo povolíme a zvedneme postiženou končetinu nahoru,musíme škrtidlo víc utáhnout
"Pokud tomu nebrání zvláštní okolnosti, je pro postiženého úrazem nejlepší:",0,"taková poloha, kterou chce postižený sám zaujmout",„protišoková“ poloha s nohama a rukama zvednutýma co nejvýše,poloha na boku („stabilizovaná“ resp. „zotavovací
Poloha zeměpisného a magnetického pólu:,1,totožná,není shodná,magnetický pól je vždy na východ od zeměpisného
"Postižený během výstupu na kopec náhle zkolaboval, leží, nehýbe se, asi 1x za dvacet sekund se zhluboka nadechne. Jiný svědek příhody se mezi tím pokouší vyhmatat postiženému tep na krku a hlásí, že cítí slabý, „nitkovitý“, rychlý tep. Je potřeba přivolat pomoc a ihned:",1,"Zahájit dýchání z plic do plic, protože tato frekvence je příliš nízká. Nepřímou masáž neprovádíme, protože pokud dýchá a je cítit tep, nemůže jít o zástavu oběhu a masáž by naopak mohla vést k poranění plic.","Zahájit resuscitaci. Tzv. ""lapavé dechy"" jsou typické pro náhlou zástavu oběhu. Hmatání tepu laikem je nespolehlivé a nepoužívá se pro velký výskyt chyb - zachránce cítí svůj vlastní tep.","Otočit postiženého do „stabilizované“ polohy, protože hrozí riziko vdechnutí zvratků."
Pravomoc pilota (velitele) letadla:,0,Pilot (velitel) letadla má právo rozhodnout s konečnou platností o provedení letu,Pilot (velitel) letadla nemá právo s konečnou platností rozhodnout o provedení letu,Provozovatel letadla má právo rozhodnout s konečnou platností o provedení letu
Pro kvalitu resuscitace má rozhodující význam:,2,co největší hloubka kompresí,co nejvyšší frekvence kompresí,včasné zahájení a nepřerušování kompresí
Pro nácvik létání nouzových režimů nad vodní plochou se vybavíte,0,"plovací vestou, nožem na odříznutí padákových popruhů",plovací vestou a světlicí,"plovací vestou, oranžovou helmou a lehkou obuví"
Pro vznik vertikálních pohybů v troposféře je příznivé zvrstvení:,1,indiferentní,instabilní,stabilní
Prostor typu LKP sahá,2,od země do FL 125,od 150m AGL do 1500m AMSL,od země do různých výšek (viz AIP nebo platná letecká mapa)
Prostor třídy E sahá do výšky,0,FL 95 (2900 m),FL 125 (3800 m),FL 85  (2600 m)
Prostor třídy G sahá v ČR do výšky,1,300 m STD,300 m AGL,300 m AMSL
Prvotní vyšetření zahrnuje,1,"zjištění okolností úrazu, potíží nemocného a případných nemocí, kterými dlouhodobě trpí",kontrolu stavu životních funkcí podle schématu A-B-C,rychlou kontrolu postiženého „od hlavy k patě“ s důrazem na známky úrazu
Pádová rychlost PK je 24 km/h. Jaká bude pádová rychlost PK při stejné konfiguraci v 60° zatáčce?,2,stejná,nižší,vyšší
Pádová rychlost letadla v zatáčce:,1,je nižší než v přímém ustáleném letu,je vyšší než v přímém ustáleném letu a závisí na náklonu letadla,"je konstantní, nesmí být vyšší než 65 km/h"
"Přechod studené fronty s aktivními bouřkovými projevy se v poli teploty, tlaku, přízemního větru projevuje:",0,"poklesem teploty, silným poklesem tlaku a jeho následným vzestupem, silným zesílením větru a jeho nárazovitostí","teplota klesá a později stoupá, tlak se nemění, vítr slábne","teplota se nemění, tlak slabě klesá, vítr mírně zesílí bez nárazů"
Před přistáním do stojaté vody je zapotřebí především,1,otočit kluzák proti větru,"rozepnout karabiny postroje tak, aby bylo možno po styku s vodou jej co nejrychleji opustit",vyskočit s postroje ve výšce cca 3 - 5 m nad hladinou
"Předlétávající letadlo je to, které se přibližuje k předlétávanému letadlu zezadu na čáře svírající s rovinou souměrnosti předlétávaného letadla úhel menší než:",2,80 stupňů,60 stupňů,70 stupňů
"Předpis LAA, který upravuje pravidla létání PK v ČR se nazývá",2,PL - 2,ZL - 3,ZL - 1
Předstartovní kontrola je,2,tříbodová,sedmibodová,pětibodová
Při asymetrickém zaklopení 1/2 náběžné hrany PK je potřeba,1,vykloněním v sedačce na zaklopenou stranu a přibržděním nezaklopené strany udržet kluzák v přímém letu,vykloněním v sedačce na nezaklopenou stranu a přibržděním této strany udržet kluzák v přímém letu,vyčkat a nezasahovat do řízení
Při asymetrickém zaklopení má PK tendenci,0,rychle zatáčet na zaklopenou stranu a následně rotovat nebo postupně obnovit přímý let,"setrvat v přímém letu, za vše ostatní vždy může pilot","přejít do strmého pádu, proto je nutné v čas tomu zcela předejít"
Při improvizovaném transportu postiženého v bezvědomí:,0,musíme zvláště dbát na šetrnost a stabilizaci hlavy při transportu,"nezáleží na šetrnosti, protože postižený v bezvědomí necítí bolest",musí být transport co nejrychlejší
Při jednostranném přetažení vrchlíku pilot:,1,staženou řidičku už podrží a náklonem se snaží vyrovnat rotaci,plynule vypustí řízení,"stáhne i druhou řidičku, potom obě vypustí"
Při kritickém úhlu náběhu:,2,dochází k náhlému poklesu součinitele odporu,dochází k prudkému nárůstu součinitele vztlaku,"dosahuje součinitel vztlaku maximální hodnoty, při dalším zvyšování úhlu náběhu prudce klesá"
Při nalétnutí do termického stoupavého proudu,0,PK pilota informuje svými pohyby o velikosti stoupání a většinou i o tom na jakou stranu je lepší ve stoupání točit,"má PK zcela vždy tendenci se zaklopit, proto vždy zabrzdíme","má PK nejčastěji tendenci k nějakému kolapsu, proto je nutné nejprve přibrzdit a teprve poté PK uvést do zatáčky"
Při nasátí oblačností s velkým vertikálním vývojem je nejlepší:,1,"řídit vrchlík v přímém směru a letět, kde je nejsvětlejší část oblaku",nasadit co nejúčinnější únikový manévr a snažit se být nasměrován proti větru,"točit dál, protočit oblak co nejvýše a tak se dostat až nad něj"
"Při nevydařeném přistání prolétl pilot oknem a řízl se na zápěstí tak nešťastně, že rána silně krvácí, krev vystřikuje. Z rány ční střep cca 10 cm dlouhý. Postižený je při vědomí, bledý, stěžuje si na bolest v kotníku pravé nohy, kde je zjevná deformace. Zavoláme záchrannou službu a dále:",1,"položíme postiženého na záda s podloženýma nohama, na předloktí naložíme improvizované škrtidlo, šetrně dotáhneme. Střep zásadně nevydáváme","uložíme postiženého do polosedu, vytáhneme střep, přiložíme tlakový obvaz","imobilizujeme poraněnou nohu, uložíme poraněného do protišokové polohy, ruku zvedneme nahoru, a pokud krvácení trvá, přiložíme tlakový obvaz"
Při nouzovém přistání pilot volí spíše,0,hustý porost,samostatný strom,lesní cestu
Při nouzovém přistání pilot volí vždy jako poslední možnost:,1,vodní plochu,dráty elektrického vedení,parkoviště
Při nouzovém přistáním upřednostním,1,dráty elektrického vedení,stromy,budovy
Při obtékání tělesa vznikají aerodynamické síly. Nazývají se:,2,"vztlak, tíha a odpor",vztlak a podtlak,"výsledná aerodynamická síla, která se rozkládá na vztlak a odpor"
Při pozemním nácviku v silnějším větru vrchlík pilota nečekaně nadzvedne nad zem. Správný postup je:,2,prudce stáhnout řídící šňůry,"stáhnout a uvolnit řídící šňůry, tzv. ""pumpovat"" a tím dosednout na zem","uvolnit řízení a počkat, až dosedne zpět na zem"
Při provádění srovnávací orientace je vždy spolehlivější:,0,vyhledat a určit několik orientačních bodů,soustředit pozornost na jeden orientační bod,pozorně prohlížet terén pod letadlem
Při přechodu aktivní studené fronty II. druhu se setkáváme s typickými nebezpečnými jevy:,2,"námrazou, trvalými srážkami, zhoršenou dohledností","nízkou oblačností, mohutnou vrstevnatou oblačností, silným trvalým deštěm","silnou turbulencí, silnou námrazou, aktivní bouřkovou činností, silnými přeháňkami, silným větrem"
Při přechodu studené fronty I. druhu je srážkové pásmo:,2,na čáře fronty,před čarou fronty,za čarou fronty
Při přefouknutí přes kopec je nejbezpečnější,0,letět po větru přes rotor co nejdál na místo kde můžu alespoň nějak v pořádku přistát,"použiji záložní padák, závětrná turbulence jej ovlivňuje daleko méně",zvětším maximálně plošné zatížení tak že udělám velké uši a proletím turbulence
Při přetažení PK,2,"použijeme záložní padák, pokud nemáme dostatečnou výšku vypustíme rychle řízení","použijeme záložní padák, pokud nemáme dostatečnou výšku držíme pevně řízení",plynule vypustíme řízení
Při přetržení řídící šňůry za letu je správný postup,0,řízení pomocí naklánění a šetrného stahováním zadních popruhů,"zatáčením o 90*, 180*, a 360* jen na jednu stranu","pokud je dostatečná výška, použít záložní padák, jinak  jinou vhodnou šňůru a druhou řidičku."
Při přistání na vysokém stromě:,2,pokusíte se co nejrychleji slézt,"počkáte, až přijdou přátelé a sami slezete, oni vás budou případně chytat","Uděláte maximum prostřednictvím dosažitelných prostředků, abyste si zavolali odbornou pomoc pro vyproštění (telefonát, vyčkání, až vás najdou přátelé apod.)"
Při sešlápnutí speed systému,2,má PK tendenci frontálně nebo asymetricky se zaklapnout,PK zrychlí a v důsledku zvýšení rychlosti obtékání je stabilnější,PK zvýší rychlost letu a je náchylnější k frontstalu nebo jednostranému zaklopení
"Při silném větru pilot zaletěl do místa, odkud se proti větru neprosazuje:",2,"sešlápne speed a k tomu přidá ""velké uši""","zůstane natočený proti větru ve směru, kam chce letět a vyklesá na zem do terénu","otočí se po větru nebo alespoň co nejvíce bokem na vítr, jak terén dovolí a z místa odlétne"
Při silnějším větru startuji,2,"tak, aby vrchlík byl zároveň s vrcholem kopce",na vrcholu kopce,v dostatečné vzdálenosti pod vrcholem kopce
Při srovnávání mapy s terénem je nejdůležitější:,2,přesný kompas,přesné hodinky,"pozorně prohlížet terén před letadlem, vedle letadla a důsledně porovnávat mapu s terénem"
Při srážce s jiným SLZ ve výšce 50 - 100 m nad terénem je správný postup,2,znovu ustálit let,provést sestupný manévr,vyhodit záložní padák
"Při stoupání je v převodní výšce přestavován výškoměr. Je-li místní QNH 1023 hPa, co se stane s údajem výškoměru?",1,Nebude tím ovlivněn,Zmenší se,Zvětší se
Při uvolnění speed systému se rychlost PK,1,"nezmění, pouze se zvětší úhel náběhu",sníží,zvýší
Při vlétnutí do klesavého proudu,2,vrchlík se nakloní do strany a hrozí asymetrické zaklopení,vrchlík kývne dozadu a následně může dojít k předstřelu,vrchlík předstřelí dopředu a hrozí čelní zaklopení vrchlíku
Při vlétnutí do stoupavého proudu,0,vrchlík kývne dozadu a následně může dojít k předstřelu,vrchlík se nakloní do strany a hrozí asymetrické zaklopení,vrchlík předstřelí dopředu a hrozí čelní zaklopení vrchlíku
Při zatáčení PK se úhel náběhu na straně uvnitř zatáčky:,1,nemění,"mění, protože se změní poloha odtokové hrany","mění, protože se křídlo zároveň nakloní"
Při zvětšování úhlu náběhu:,1,klesá součinitel vztlaku a odporu,roste součinitel vztlaku a odporu,"roste součinitel vztlaku, součinitel odporu klesá"
Při částečném zaklopení je správný postup,1,"nedělat nic, na testovaném PK je vždy tato situace zcela bezpečná","maximálně se vyklonit na nezaklopenou stranu a také ji přibrzdit tak, aby nedošlo k rotaci","ihned zcela stáhnout řízení na nezaklopené straně, k urychlení regenerace vrchlíku"
"Přibližují-li se dvě nebo více letadel těžších vzduchu k jednomu letišti s úmyslem přistát a nevztahují-li se na ně pravidla pro vyhýbání, platí přednost pro přistání:",1,letadlo letící vlevo dát přednost letadlům přilétávajícím zprava,výše letící letadlo dát přednost letadlu letícímu níže,pomalejší letadlo dát přednost rychlejšímu
Přilbu postiženému:,0,snímáme tahem v dlouhé ose těla za stálé fixace hlavy a krku,zásadně nesnímáme,snímáme šetrným kroutivým pohybem ze strany na stranu
Přistání na vodní hladině provádí pilot PK,0,po větru,proti větru,bokem na vítr
Přivedení PK za letu do blízkosti kritického úhlu náběhu pomocí hlubokého stažení brzd se projeví:,2,náhle zvýšeným opadáním,zmenšením sil v řídících šňůrách,znatelným zvýšením velikosti sil v řídících šňůrách
Přízemní projevy aktivní bouřky nebezpečné pro letecký provoz:,1,"snížení základny oblačnosti, snižování dohlednosti","húlava na čele bouřky, existence silného vzestupného proudu před húlavou, silný sestupný proud za húlavou v oblasti vypadávajících srážek, silné nárazy větru",vypadávání trvalých srážek
Resuscitace bez dýchání z plic do plic se provádí:,2,"stlačováním hrudníku frekvencí cca 60x za minutu tak, aby výsledný počet kompresí za minutu byla stejný, jako když by dýchání bylo prováděno","stlačováním hrudníku frekvencí asi 100x za minutu s tím, že místo umělých vdechů se po 30 stlačeních zařadí 5 sekund pauza",nepřetržitým stlačováním hrudníku frekvencí asi 100x za minutu
"Resuscitace může být (mimo jiné) ukončena, pokud:",0,dojde k obnově vědomí – pacient začne reagovat,"pokud je spolehlivě zjištěno, že postižený je starší 70 let",po dvaceti minutách provádění bez jakéhokoliv zřejmého efektu
"Resuscitaci (oživování) je potřeba provádět tehdy, pokud postižený:",0,"nereaguje, nehýbe se a nedýchá, nebo jsou vidět jen „lapavé“ nádechy","nereaguje a nehýbá se, bez ohledu na stav dýchání (laik není stav dýchání schopen spolehlivě posoudit)",nereaguje a nemá hmatný puls na krční tepně (stav dýchání není podstatný)
Resuscitaci provádí laici bez speciálního výcviku:,2,mačkáním hrudníku a dýcháním z plic do plic v poměru 15:2,mačkáním hrudníku a dýcháním z plic do plic v poměru 30:2,pouze mačkáním hrudníku
Rosný bod je:,1,"místo, nad kterým vznikne mrak","teplota, na kterou musí být ochlazen vzduch, aby nastala kondenzace",výška nulové izotermy
Rozdíl mezi UTC a letním středoevropským (SELČ) časem je:,2,není žádný,1 hodina,2 hodiny
Rozdíl mezi UTC a středoevropským (SEČ) časem je:,2,není žádný,2 hodiny,1 hodina
Rychlost letu zobrazená v GPS  je:,0,traťová rychlost,indikovaná  vzdušná rychlost,pravá vzdušná rychlost
Rychlost letu zvýším,0,sešlápnutím speedu,zatažením trimů,mírným přitažením řídiček
Rychlost větru obvykle s rostoucí výškou:,2,"v létě stoupá, v zimě klesá",klesá,roste
"S výjimkou vzletu nebo přistání nebo s výjimkou povolení vydaného leteckým úřadem, musí být VFR let prováděn nad hustě zastavěnými místy nebo shromáždištěm lidí na volném prostranství ve výšce, která nesmí být menší než:",0,300 m nad nejvyšší překážkou v okruhu 600 m od letadla,300 m nad nejvyšší překážkou v okruhu 300 m od letadla,150 m nad nejvyšší překážkou v okruhu 600 m od letadla
S výjimkou vzletu nebo přistání nebo s výjimkou povolení vydaného úřadem musí být let VFR prováděn nad zemí nebo vodou ve výšce ne menší než:,2,300 m,150 m,150 m s výjimkou létání na svahu
Schématem „A-B-C“ se má v rámci prvotního vyšetření na mysli:,2,"provedení záklonu hlavy (A), zahájení umělého dýchání (B) a zahájení kompresí hrudníku (C)","zjištění anamnézy (A), bolestivosti (B) a cílené vyšetření postižené oblasti (C)","ověření průchodnosti dýchacích cest (A), ověření stavu dýchání (B) a ověření známek funkčního krevního oběhu (C)"
Se studenou frontu I. druhu jsou obvykle spojeny nebezpečné jevy:,2,pouze nízká oblačnost vrstevnatého typu,silný nárazovitý přízemní vítr,"oblaka Cb - cumulonimbus na čele fronty ukrytá v nízké vrstevnaté oblačnosti, turbulence a námraza"
"Sever magnetický je směr, který:",1,změříme na mapě,"určuje magnetka kompasu, na kterou nepůsobí žádné vedlejší rušivé vlivy","je určený myšlenou přímkou, která vede středem země a protíná její povrchv bodech, které nazýváme sever magnetický a jih magnetický"
"Signalizace, kterou osoby na zemi potvrzují potřebu přistání posádce záchranného vrtulníku, se provádí:",0,rukama vztyčenýma nad hlavou do tvaru písmene Y,rukama mírně rozpaženýma do tvaru písmene A,máváním jakýmkoliv předmětem světlé barvy
"Signalizace, kterou osoby na zemi ruší potřebu přistání záchranného vrtulníku, se provádí:",2,rytmickým rozpažováním a připažováním s dlaněmi obrácenými vzhůru,máváním jakýmkoliv předmětem červené barvy,jednou rukou vztyčenou nad hlavou a druhou mírně rozpaženou (parafráze písmene N)
"Skutečný, zcela holý povrch země se soušemi, nerovnostmi a hladinami moří se nazývá:",0,topografická plocha,topografická situace,projekce mapy
Směr letu a směr pohybu PK vůči zemi je,1,shodný za bezvětří nebo při větru vanoucím přesně kolmo na směr letu,shodný za bezvětří a při větru vanoucím přesně ve směru nebo přesně proti směru letu,vždy shodný
"Směr větru před přistáním v neznámém místě, kde není větrný rukáv, nejsnáze poznáme podle",0,"vlnění trávy, pohybu dýmu, ohýbání stromů, poletování chmýří","kroužení dravců, směru pohybu stínů na zemi, vln na vodních plochách","polohy rozložených PK, které zde přistály před námi"
Směru jih odpovídá údaj:,0,180°,090°,360°
"Spirála je letový režim, při kterém:",0,nedochází k odtržení proudění,dochází k odtržení proudění na straně křídla uvnitř zatáčky,dochází k odtržení proudění na straně křídla vně zatáčky
"Spirálu docílíme tak, že",2,"vykloníme se na stranu, na kterou chceme spirálou zatáčet, stáhneme plynule řidičku a na opačné straně stáhneme přední popruh padáku","nejprve zabrzdíme obě řídičky , uvolníme na jedné straně řidičku zcela nahoru a na druhé jí stáhneme maximálně dolů - padák začne sestupně kroužit v dynamickém a rychlém otáčení","plynulým přechodem ze zatáčky do stále ostřejší zatáčky jemným stahováním řídičky a vykloněním těla na stejnou stranu, na kterou zatáčíme"
Spodní hranici řízeného okrsku (CTR) tvoří:,0,povrch země,horní hranice třídy G,stanovená výška nad mořem
Sportovní létající zařízení může řídit,1,"pilot, který je držitelem platného posudku o zdravotní způsobilosti, nebo pilotní žák za podmínek stanovených výcvikovou osnovou","pilot, který je držitelem platného pilotního průkazu s příslušnou kvalifikací, nebo pilotní žák za podmínek stanovených výcvikovou osnovou","pilot, který je držitelem platného pilotního průkazu s příslušnou kvalifikací, nebo osoba oprávněná provozovatelem SLZ za přítomnosti pilota, pilotní žák za podmínek stanovených výcvikovou osnovou"
Správně označení severozápadního větru ve zkratkách ICAO je:,0,NW,SE,SW
Srovnávací navigace spočívá v:,0,srovnávání terénu s mapou a opačně,srovnávání údajů navigačních přístrojů (GPS) s mapou,srovnávání vypočtených časů se skutečností
Srážkové pásmo teplé fronty je:,0,před čarou fronty a jde o srážky trvalé,převážně těsně za čarou fronty a jedná se o srážky občasné,na čáře fronty a jde o srážky krátkodobého charakteru
"Srážky vypadávající z oblačnosti typu Cb - cumulonimbus, jsou charakteru:",0,silných přeháněk,mrholení,trvalých srážek
Srážky vypadávající z oblačných soustav výrazných teplých front jsou převážně:,0,srážky trvalé,přeháňky,srážky občasné
Stlačování hrudníku se v průběhu resuscitace provádí:,0,uprostřed hrudní kosti,při dolním okraji hrudní kosti,v místě levé prsní bradavky
"Svahování praktikujeme tak, že",2,"létáme souběžně se svahem, těsně nad jeho závětrnou stranou a otáčíme se zásadně proti větru, tj. ke kopci",létáme přímo nad hřebenem a otáčet se lze podle situace proti i po větru,létáme souběžně se svahem na jeho návětrné straně a v místě obratu se otáčíme směrem od svahu o 180°
TMA (koncová řízená oblast),2,nedá se podletět ani nadletět,dá se podletět pouze při vzájemné komunikaci radiostanicí s příslušným stanovištěm ATS,se dá podletět
"Technický průkaz PK kategorie ""P"" je možno vydat",0,"pouze PK, který prošel úspěšně zkušebním programem podle normy PL-2 nebo EN-926",jakémukoliv PK vyrobenému výrobcem s oprávněním LAA ČR,"pouze PK, který prošel úspěšně zkušebním programem podle normy AFNOR"
Technický průkaz PK vystavuje,0,vždy inspektor techniky LAA ČR,vždy pověřený provozní inspektor,"kategorii ""P"" pověřený inspektor - technik výrobce, kategorii ""Z"" LAA ČR"
Telefonní číslo na záchrannou službu je v ČR:,1,158,155,150
Teplotou rosného bodu nazýváme:,1,teplotu vzduchu v určité výšce,"teplotu, kterou by vzduch měl v okamžiku stavu nasycení",teplotu vzduchu se stanovenou relativní vlhkostí
Termická turbulence vzniká vlivem:,0,ohřevu vzduchu o zemský povrch při instabilním zvrstvení,nestejnoměrného zahřívání zemského povrchu,kopcovitého terénu
"Terénní útvary jako jsou lesy, louky, jezera, hrady, silnice, železnice atd. nazýváme:",0,topografickou situací,topografickou plochou,projekcí mapy
Tlaková níže – cyklona – je oblastí:,0,nízkého tlaku s nejnižší hodnotou ve svém středu,se snižující se hodnotou tlaku směrem od středu,nízkého tlaku s nejnižší hodnotou po okrajích oblasti
Tlaková výše – anticyklona – je oblastí:,2,s nejvyšší hodnotou tlaku po okrajích oblasti,s nejvyšší hodnotou tlaku rostoucím v určitém směru,vysokého tlaku s nejvyšší hodnotou tlaku ve svém středu
Turbulentní proudění je:,0,Proudění vzduchových částic různými směry,Proudění vzduchových částic stejným směrem,částice vzduchu se nepohybují
Tětiva profilu je:,1,přímka rozdělující profil v polovině jeho tloušťky na dvě stejně velké části,přímka spojující střed náběžné hrany profilu s odtokovou hranou profilu,čára spojující středy kružnic vepsaných do profilu
Těžiště letadla je:,0,působiště tíhové síly,působiště výsledné aerodynamické síly a tíhové síly,působiště výsledné aerodynamické síly
Uvolnění dýchacích cest se u pacienta v bezvědomí provádí především pomocí:,1,předklonu hlavy,záklonu hlavy,stabilizované polohy
V definici standardní atmosféry jsou hodnoty tlaku a teploty na střední hladině moře:,2,"1015 hPa, +10°C","1013,25 hPa, 0°C","1013,25 hPa, +15°C"
V letectví se používá u GPS  souřadnicový  systém:,1,WGS 82,WGS 84,S 42
V letním období ve střední Evropě v centrální části výrazné tlakové výše očekáváme:,1,"jasno, silný vítr, v noci chladno, ve dne teplo a silnou termiku","skoro jasno, slabý vítr, přes den vysoké teploty, slábnoucí termiku","inverzní mlhy, proměnlivý vítr, noční bouřky a ve dne silnou termiku"
V oblasti fronty se tvoří mohutná a výrazná Cb - cumulonimbus oblačnost. Je to typický projev:,2,teplé okludované fronty,teplé fronty,studené fronty II. druhu
V oblasti tlakové níže na severní polokouli vane vítr při zemi:,1,rovně do středu níže v celé její oblasti,proti směru pohybu hodinových ručiček,ve směru pohybu hodinových ručiček
V oblasti tlakové výše vane na severní polokouli vítr při zemi:,1,rovně ze středu výše v celé její oblasti,ve směru pohybu hodinových ručiček,proti směru pohybu hodinových ručiček
V okamžiku vlétnutí do klesavého proudu se úhel náběhu:,2,zvětší,nezmění,zmenší
V podmínkách cirkulace pevninské a mořské brízy vane mořská bríza:,2,v noci a je slabší než pevninská bríza,ve dne a je slabší než pevninská bríza,ve dne a je silnější než pevninská bríza
V praxi převádíme rychlosti větru z m/s na kt vztahem:,1,1 m/s ~ 3 kt,1 m/s ~ 2 kt,1 m/s ~ 1 kt
V prostory třídy E mohu potkat dopravní letadlo?,0,Ano,Jen v noci,Ne
V ustáleném klouzavém letu je v rovnováze:,1,"tah s tíhou, odpor se vztlakem",tíhová síla se vztlakem a odporem,vztlak s odporem
Ve vzdušném prostoru G se požadavek na spojení?,1,"vyžaduje, musí být stálé obousměrné",nevyžaduje,vyžaduje se nad 150 m nad terénem
Velikost násobku zatížení + 3 znamená:,2,"že pilot o hmotnosti 80 kg je tažen ze sedačky takovou silou, jako kdyby vážil 240 kg",že pilot o hmotnosti 80 kg je tlačen do sedačky silou přibližně 3200 N (tj. jako kdyby vážil 320 kg),"že pilot o hmotnosti 80 kg je tlačen do sedačky takovou silou, jako kdyby vážil 240 kg"
Vleče-li mne padák při silném větru po zemi stahuji většinou k sobě,2,áčkové popruhy,čekám až se samovolně zastavím,řidičky nebo zadní šňůry
Vrchlíku PK škodí zejména,1,skladování v temných a suchých prostorech,"UV záření, mechanický oděr, vlhkost",myši a jiní polní hlodavci
Vrstevnice (izohypsy) jsou uzavřené prostorové křivky spojující místa o stejné:,1,"záporné výšce, tzv. hloubnice",nadmořské výšce,deklinaci
"Vyberte pravdivé tvrzení, týkající se použití protišokové fólie:",1,fólii je možné v nouzi použít i jako škrtidlo nebo improvizovaný obvaz,"je jedno, kterou stranou je fólie otočená k pacientovi, důležité je, aby byla kolem pacienta těsně omotaná","fólie má výborné termoizolační vlastnosti, ale nechrání proti vlhkosti (v silném dešti může promoknout)"
Vyberte pravdivý výrok týkající se povinnosti poskytnout první pomoc:,2,"Povinnost poskytnout první pomoc je pouze morální, neexistuje však právní vymahatelnost.","b.První pomoc je povinen poskytnout každý, kdo je svědkem úrazu, bez ohledu na závažnost úrazu a hrozící nebezpečí.","Pokud dojde k těžkému úrazu, je každý povinen poskytnout první pomoc; poskytnutí pomoci však nesmí ohrozit život nebo zdraví zachránce."
"Vyberte pravdivý výrok týkající se taktiky postupu, pokud jste svědkem vzniku vážného úrazu:",0,"Před voláním na záchrannou službu je vhodné se aspoň orientačně ujistit, kde k úrazu došlo, co se stalo a kolik je postižených.",Nejprve je nutné co nejrychleji obnovit životní funkce a až potom se zabývat přivoláním pomoci.,"Jsme-li svědky úrazu, voláme záchrannou službu až po důkladném vyšetření, abychom měli jistotu, že stav je doopravdy vážný."
Vyberte správné tvrzení týkající se polohy postiženého se závažným úrazem v bezvědomí:,0,"Pokud postižený ve stávající poloze spolehlivě dýchá, ponecháme ho v této poloze","S postiženým v bezvědomí zásadně nehýbeme, abychom eliminovali riziko dalšího poškození páteře a míchy",Postižený v bezvědomí následkem úrazu by měl být vždy uložen do polohy na zádech se zakloněnou hlavou
Vyberte správné tvrzení týkající se polohy postiženého se závažným úrazem:,1,"pokud je postižený v bezvědomí, měl by být vždy umístěn do „protišokové“ polohy s nohama a rukama zvednutýma co nejvýše, aby se obnovilo prokrvení mozku","pokud postižený sám aktivně zaujímá nějakou polohu, nebráníme mu","pokud postižený komunikuje, měl by být vždy umístěn do polohy na boku (do „stabilizované“ resp. „zotavovací“ polohy)"
"Vyberte správné tvrzení, týkající se improvizovaného transportu:",0,"Pokud to není nutné, pacienta netransportujeme a vyčkáme příchodu odborné pomoci.","Při improvizovaném transportu je nejdůležitější, aby postižený byl během celého transportu v poloze mírně hlavou dolů.","U improvizovaného transportu záleží především na rychlosti, šetrnost není prioritou."
"Vzduchovou hmotou nazýváme instabilní, pokud v ní dochází k:",1,inverzím,konvektivním vertikálním pohybům,tvorbě vrstevnaté oblačnosti
Vztlak je?,0,"síla vzniklá obtékáním profilu, kolmá k síle aerodynamického odporu",výsledná aerodynamická síla vzniklá obtékáním profilu,odpor plochy daný úhlem náběhu
Vztlak na profilu křídla:,1,vzniká působením Coriolisovy síly a vyrovnáváním tlaku nad a pod profilem,vzniká v důsledku rozdílné rychlosti proudu nad a pod profilem,vzniká v důsledku úhlu náběhu a změny teploty vzduchu nad a pod křídlem
Vztlak na profilu vzniká v důsledku:,1,"zhuštění proudnic pod profilem, tím se pod profilem vytvoří přetlak, nad profilem se proudnice rozšíří a tím se nad profilem vytvoří podtlak","zhuštění proudnic nad profilem, tím se nad profilem vytvoří podtlak, pod profilem se proudnice rozšíří a tím se pod profilem vytvoří přetlak",náporu vzduchu na spodní stranu profilu (při kladném úhlu náběhu)
Vztlak působí:,1,vždy směrem vzhůru od profilu,vždy kolmo na směr proudu vzduchu nabíhajícího na profil,vždy kolmo k tětivě profilu
Vztlak vzniká při obtékání profilu v důsledku vytvoření rozdílu tlaků nad a pod profilem. Jaký tlak je pod a nad profilem a jaký je při běžných úhlech náběhu poměr jejich velikostí?,2,"pod profilem vzniká podtlak, nad profilem přetlak, který je asi třikrát větší, než podtlak","pod profilem vzniká přetlak, nad profilem podtlak, jejichž velikosti jsou stejné","pod profilem vzniká přetlak , nad profilem podtlak, ve vzájemném poměru je 1/3 přetlaku a 2/3 podtlaku"
Vítr je určen:,0,směrem ze kterého vane a rychlostí,směrem kam vane a rychlostí,rychlostí
Výběr startoviště a směr vzletu podřizujeme:,2,"větru, který fouká dole v údolí na přistávací ploše","větru, který udává nejbližší meteorologická stanice","větru na startovišti s ohledem na to, jaký vítr fouká nad hřebenem"
Výškoměr nastavený na hodnotu QFE letiště ukazuje po přistání na letišti:,0,nulovou výšku,nadmořskou výšku vztažného bodu letiště,nadmořskou výšku prahu VPD tohoto letiště
Větší část vztlaku vzniká:,2,"pod profilem, asi 2/3","nad 2/3 profilu, asi 55%","nad profilem, asi 2/3"
Z vertikálně vyvinutých oblaků typu Cb - cumulonimbus vypadávají převážně srážky ve formě:,2,mrholení,slabý dešť,déšť a kroupy
Za normálního ustáleného letu je:,0,na horní straně křídla podtlak a na spodní přetlak,na horní i spodní straně křídla přetlak,na horní i spodní straně křídla podtlak
Zaškrcení se provádí:,1,vždy cca 10 – 15 cm nad ránou,"výhradně v paži nebo ve stehně, mezi ranou a srdcem",kdekoliv mezi ránou a srdcem
Ze SLZ není dovoleno:,0,"nic shazovat nebo rozprašovat, s výjimkou dodržení určitých podmínek",shazovat předměty v době mezi východem a západem slunce,pouze rozprašovat
Zeměkoule je:,0,rotační elipsoid na pólech zploštělý,ideální koule,síť souřadnicových čar
Zeměkoule se otočí o 1 stupeň zeměpisné délky za:,2,1 min,6 min,4 min
Zeměpisné souřadnice nám udávají:,2,název určitého místa,polohu časového pásma,zeměpisnou polohu určitého místa
Zeměpisný poledník je:,0,polovina poledníkové kružnice,"část kružnice, jejíž rovina je kolmá na zemskou osu",kružnice kolem zeměkoule
Zeměpisný sever a jih:,1,působí na něj magnetismus země,nemění polohu,mění se v závislosti na roční době
Zkratka AGL u výškového údaje v letecké mapě znamená:,1,výšku na úrovni moře,výšku nad úrovní země,výšku vztaženou k oblastnímu tlaku
Zlomeninu dolní končetiny přednostně fixujeme:,0,přitažením k druhostranné končetině (pokud není rovněž zlomená),zavěšením do šátku,"pomocí improvizované dlahy (větve, tyčky apod.)"
Zlomeninu horní končetiny přednostně fixujeme:,2,"pomocí improvizované dlahy (větve, tyčky apod.)",přitažením k tělu v natažené poloze,zavěšením do šátku
Zlomeniny fixujeme v improvizovaných podmínkách:,1,"vždy, jde o prioritní výkon první pomoci","výjimečně, a to zejména tehdy, pokud předpokládáme další manipulaci s pacientem před příjezdem odborné pomoci","vždy, pokud jde o otevřenou zlomeninu"
Zobrazit zemský povrch v rovině bez zkreslení:,1,je možné,není možné,jen na mapě plochojevné
"Zvětšující se vzdálenost mezi izobarami znamená, že v dané oblasti bude rychlost proudění vzduchu:",2,větší,vzdálenost mezi izobarami nevypovídá nic o rychlosti proudění,menší
Základní příčinou vzniku mechanické turbulence je:,1,zvrstvení vzduchu,vítr a uspořádání terénu,vlhkost a teplota vzduchu
Základní příčinou vzniku oblačnosti v atmosféře je:,0,dosažení stavu nasycení s následnou kondenzací vodních par,dosažení stavu nasycení,pokles teploty vzduchu s výškou
Základním úkolem první pomoci při ošetření ran a oděrek je:,2,přiložení krycího obvazu; ránu v improvizovaných podmínkách nikdy nečistíme a cizí tělesa nevyjímáme,"desinfekce rány (v nouzi i koncentrovaným alkoholem), odstranění cizích těles, přiložení krycího obvazu","odstranění případných cizích těles výplachem, desinfekce okolí rány a přiložení krycího obvazu"
Záložní padák (ZP) použijeme bez váhání,2,při přefouknutí za horský hřeben,pod bouřkovým mrakem,v neřízené prudké rotaci
"Záložní padák (ZP) použijeme tak, že",2,"zatáhnutím za rukojeť zajistíme vyhození ZP, rukojeť můžeme potom též zahodit","tahem za rukojeť uvolníme zajišťovací jehly a tím to cuknutím aktivujeme systém, který zajistí otevření ZP",vytáhneme ZP za rukojeť ze sedačky a potom ho celý i s rukojetí odhodíme do volného prostoru
"Údaj v metrech přepočítáte na údaj ve stopách přibližně (foot, zkr.ft)",0,(m x 3) + 10%,(m x 3) : 10,(m : 10) x 3
"Úhel náběhu je geometrický úhel, který:",1,"svírá směr nabíhajícího proudu s vodorovnou rovinou (horizontem), tj. nulový v horizontálním letu",svírá směr nabíhajícího proudu vzduchu s tětivou profilu,svírá tětiva profilu s vodorovnou rovinou (horizontem)
Čas se udává:,0,"v hod, min, sec s tím, že minuta začíná 1.sec a končí 60.sec",ve stupních,"v hod, min, sec s tím, že minuta začíná ve 30.sec předchozí minuty a končí ve 30.sec následující minuty"
Čočkovité podlouhlé mraky:,0,"znamenají, že fouká ve výšce silný vítr, tudíž může hrozit nárazovitost větru","hlavně v létě znamenají, že se blíží nebezpečný druh okluzní fronty","se vyskytují hlavně v tropech, u nás se objeví jen zřídka na jaře při prudké změně teploty"
„Chirurgické“ gumové rukavice:,1,se používají jen při ošetření obzvlášť krvácejících nebo znečištěných ran,je vhodné použít při ošetřování jakéhokoliv zranění,je vhodné použít zejména pro ošetření pacienta s podezřením na infekční onemocnění
„Lapavými dechy“ se rozumí:,2,"nápadně rychlé, ale mělké a tiché dýchání, typické pro pacienta s překážkou v dýchacích cestách",nápadně hlučné nádechy v rychlém tempu; tyto nádechy jsou typické pro rozvíjející se šokový stav,jednotlivé nádechy v nápadně dlouhých intervalech u postiženého v bezvědomí; tyto nádechy jsou typické pro zástavu oběhu
"„Protišoková“ fólie se používá nejlépe tak, že se:",2,s ní postižený podloží,s ní postižený šetrně přikryje,do ní postižený těsně zabalí (včetně hlavy – volný zůstane jenom obličej)
